PMID,Title,Authors,Citation,First Author,Journal/Book,Publication Year,Create Date,PMCID,NIHMS ID,DOI
"32185696","Pharmacological Treatment of Methamphetamine/Amphetamine Dependence: A Systematic Review","Siefried KJ, Acheson LS, Lintzeris N, Ezard N.","CNS Drugs. 2020 Apr;34(4):337-365. doi: 10.1007/s40263-020-00711-x.","Siefried KJ","CNS Drugs","2020","2020/03/19","PMC7125061","","10.1007/s40263-020-00711-x"
"31427462","Mental Health, Drug, and Violence Interventions for Sexual/Gender Minorities: A Systematic Review","Coulter RWS, Egan JE, Kinsky S, Friedman MR, Eckstrand KL, Frankeberger J, Folb BL, Mair C, Markovic N, Silvestre A, Stall R, Miller E.","Pediatrics. 2019 Sep;144(3):e20183367. doi: 10.1542/peds.2018-3367. Epub 2019 Aug 19.","Coulter RWS","Pediatrics","2019","2019/08/21","PMC6855817","","10.1542/peds.2018-3367"
"30513473","Chemsex behaviours among men who have sex with men: A systematic review of the literature","Maxwell S, Shahmanesh M, Gafos M.","Int J Drug Policy. 2019 Jan;63:74-89. doi: 10.1016/j.drugpo.2018.11.014. Epub 2018 Dec 1.","Maxwell S","Int J Drug Policy","2019","2018/12/05","","","10.1016/j.drugpo.2018.11.014"
"30786099","Homelessness among youth who identify as LGBTQ+: A systematic review","McCann E, Brown M.","J Clin Nurs. 2019 Jun;28(11-12):2061-2072. doi: 10.1111/jocn.14818. Epub 2019 Mar 11.","McCann E","J Clin Nurs","2019","2019/02/21","","","10.1111/jocn.14818"
"30446869","Sexual Risk Behaviors in Adolescent Sexual Minority Males: A Systematic Review and Meta-Analysis","Valencia R, Wang LY, Dunville R, Sharma A, Sanchez T, Rosenberg E.","J Prim Prev. 2018 Dec;39(6):619-645. doi: 10.1007/s10935-018-0525-8.","Valencia R","J Prim Prev","2018","2018/11/18","PMC6267112","","10.1007/s10935-018-0525-8"
"32875954","""Slam Sex"" - Sexualized Injecting Drug Use (""SIDU"") Amongst Men Who Have Sex with Men (MSM)-A Scoping Review","Scheibein F, Wells J, Henriques S, Van Hout MC.","J Homosex. 2020 Sep 2:1-15. doi: 10.1080/00918369.2020.1804258. Online ahead of print.","Scheibein F","J Homosex","2020","2020/09/03","","","10.1080/00918369.2020.1804258"
"32335166","The global prevalence of hepatitis D virus infection: Systematic review and meta-analysis","Stockdale AJ, Kreuels B, Henrion MYR, Giorgi E, Kyomuhangi I, de Martel C, Hutin Y, Geretti AM.","J Hepatol. 2020 Sep;73(3):523-532. doi: 10.1016/j.jhep.2020.04.008. Epub 2020 Apr 23.","Stockdale AJ","J Hepatol","2020","2020/04/27","PMC7438974","","10.1016/j.jhep.2020.04.008"
"28903126","Substance Use and HIV Risk Among Men Who Have Sex With Men in Africa: A Systematic Review","Sandfort TGM, Knox JR, Alcala C, El-Bassel N, Kuo I, Smith LR.","J Acquir Immune Defic Syndr. 2017 Oct 1;76(2):e34-e46. doi: 10.1097/QAI.0000000000001462.","Sandfort TGM","J Acquir Immune Defic Syndr","2017","2017/09/14","PMC5647883","NIHMS879615","10.1097/QAI.0000000000001462"
"30502543","Interventions to address substance use and sexual risk among gay, bisexual and other men who have sex with men who use methamphetamine: A systematic review","Knight R, Karamouzian M, Carson A, Edward J, Carrieri P, Shoveller J, Fairbairn N, Wood E, Fast D.","Drug Alcohol Depend. 2019 Jan 1;194:410-429. doi: 10.1016/j.drugalcdep.2018.09.023. Epub 2018 Nov 3.","Knight R","Drug Alcohol Depend","2019","2018/12/04","","","10.1016/j.drugalcdep.2018.09.023"
"33108566","Psychological and Interpersonal Factors Associated with Sexualized Drug Use Among Men Who Have Sex with Men: A Mixed-Methods Systematic Review","Lafortune D, Blais M, Miller G, Dion L, Lalonde F, Dargis L.","Arch Sex Behav. 2021 Feb;50(2):427-460. doi: 10.1007/s10508-020-01741-8. Epub 2020 Oct 27.","Lafortune D","Arch Sex Behav","2021","2020/10/27","","","10.1007/s10508-020-01741-8"
"33279895","Slam Practice: A Review of the Literature","Schreck B, Victorri-Vigneau C, Guerlais M, Laforgue E, Grall-Bronnec M.","Eur Addict Res. 2020 Dec 4:1-18. doi: 10.1159/000511897. Online ahead of print.","Schreck B","Eur Addict Res","2020","2020/12/06","","","10.1159/000511897"
"32717497","Prevalence and correlates of substance use among transgender adults: A systematic review","Connolly D, Gilchrist G.","Addict Behav. 2020 Dec;111:106544. doi: 10.1016/j.addbeh.2020.106544. Epub 2020 Jul 9.","Connolly D","Addict Behav","2020","2020/07/28","","","10.1016/j.addbeh.2020.106544"
"33218922","Tobacco Use at the Intersection of Sex and Sexual Identity in the U.S., 2007-2020: A Meta-Analysis","Li J, Berg CJ, Weber AA, Vu M, Nguyen J, Haardörfer R, Windle M, Goodman M, Escoffery C.","Am J Prev Med. 2021 Mar;60(3):415-424. doi: 10.1016/j.amepre.2020.09.006. Epub 2020 Nov 17.","Li J","Am J Prev Med","2021","2020/11/21","","","10.1016/j.amepre.2020.09.006"
"32187200","Research on alcohol and other drug (AOD) use among sexual minority women: A global scoping review","Hughes TL, Veldhuis CB, Drabble LA, Wilsnack SC.","PLoS One. 2020 Mar 18;15(3):e0229869. doi: 10.1371/journal.pone.0229869. eCollection 2020.","Hughes TL","PLoS One","2020","2020/03/19","PMC7080264","","10.1371/journal.pone.0229869"
"30947062","A scoping review of sexual minority women's health in Latin America and the Caribbean","Caceres BA, Jackman KB, Ferrer L, Cato KD, Hughes TL.","Int J Nurs Stud. 2019 Jun;94:85-97. doi: 10.1016/j.ijnurstu.2019.01.016. Epub 2019 Feb 8.","Caceres BA","Int J Nurs Stud","2019","2019/04/05","PMC6570531","NIHMS1030671","10.1016/j.ijnurstu.2019.01.016"
"22676462","HIV risk among men who have sex with men who have experienced childhood sexual abuse: systematic review and meta-analysis","Lloyd S, Operario D.","AIDS Educ Prev. 2012 Jun;24(3):228-41. doi: 10.1521/aeap.2012.24.3.228.","Lloyd S","AIDS Educ Prev","2012","2012/06/09","","","10.1521/aeap.2012.24.3.228"
"29846139","Sexualised drug taking among men who have sex with men: a systematic review","Tomkins A, George R, Kliner M.","Perspect Public Health. 2019 Jan;139(1):23-33. doi: 10.1177/1757913918778872. Epub 2018 May 30.","Tomkins A","Perspect Public Health","2019","2018/05/31","","","10.1177/1757913918778872"
"28207331","A Systematic Review of Cardiovascular Disease in Sexual Minorities","Caceres BA, Brody A, Luscombe RE, Primiano JE, Marusca P, Sitts EM, Chyun D.","Am J Public Health. 2017 Apr;107(4):e13-e21. doi: 10.2105/AJPH.2016.303630. Epub 2017 Feb 16.","Caceres BA","Am J Public Health","2017","2017/02/17","PMC5343694","","10.2105/AJPH.2016.303630"
"30383433","HIV, Sexually Transmitted Infection, and Substance Use Continuum of Care Interventions Among Criminal Justice-Involved Black Men Who Have Sex With Men: A Systematic Review","Harawa NT, Brewer R, Buckman V, Ramani S, Khanna A, Fujimoto K, Schneider JA.","Am J Public Health. 2018 Nov;108(S4):e1-e9. doi: 10.2105/AJPH.2018.304698.","Harawa NT","Am J Public Health","2018","2018/11/02","PMC6215366","","10.2105/AJPH.2018.304698"
"18706118","A systematic review of mental disorder, suicide, and deliberate self harm in lesbian, gay and bisexual people","King M, Semlyen J, Tai SS, Killaspy H, Osborn D, Popelyuk D, Nazareth I.","BMC Psychiatry. 2008 Aug 18;8:70. doi: 10.1186/1471-244X-8-70.","King M","BMC Psychiatry","2008","2008/08/19","PMC2533652","","10.1186/1471-244X-8-70"
"30121969","A review of methods to estimate the visibility factor for bias correction in network scale-up studies","Haghdoost A, Ahmadi Gohari M, Mirzazadeh A, Zolala F, Baneshi MR.","Epidemiol Health. 2018;40:e2018041. doi: 10.4178/epih.e2018041. Epub 2018 Aug 16.","Haghdoost A","Epidemiol Health","2018","2018/08/20","PMC6280069","","10.4178/epih.e2018041"
"33217341","Prevalence and incidence of hepatitis C virus infection in men who have sex with men: a systematic review and meta-analysis","Jin F, Dore GJ, Matthews G, Luhmann N, Macdonald V, Bajis S, Baggaley R, Mathers B, Verster A, Grulich AE.","Lancet Gastroenterol Hepatol. 2021 Jan;6(1):39-56. doi: 10.1016/S2468-1253(20)30303-4. Epub 2020 Nov 18.","Jin F","Lancet Gastroenterol Hepatol","2021","2020/11/20","","","10.1016/S2468-1253(20)30303-4"
"31661030","Psychological interventions for alcohol use disorders in people living with HIV/AIDS: a systematic review","Madhombiro M, Musekiwa A, January J, Chingono A, Abas M, Seedat S.","Syst Rev. 2019 Oct 28;8(1):244. doi: 10.1186/s13643-019-1176-4.","Madhombiro M","Syst Rev","2019","2019/10/30","PMC6819454","","10.1186/s13643-019-1176-4"
"29633888","Expanding syphilis testing: a scoping review of syphilis testing interventions among key populations","Ong JJ, Fu H, Smith MK, Tucker JD.","Expert Rev Anti Infect Ther. 2018 May;16(5):423-432. doi: 10.1080/14787210.2018.1463846. Epub 2018 Apr 23.","Ong JJ","Expert Rev Anti Infect Ther","2018","2018/04/11","PMC6046060","NIHMS976261","10.1080/14787210.2018.1463846"
"27981398","Identifying Resilience Resources for HIV Prevention Among Sexual Minority Men: A Systematic Review","Woodward EN, Banks RJ, Marks AK, Pantalone DW.","AIDS Behav. 2017 Oct;21(10):2860-2873. doi: 10.1007/s10461-016-1608-2.","Woodward EN","AIDS Behav","2017","2016/12/17","","","10.1007/s10461-016-1608-2"
"33423693","Theories of change for e-health interventions targeting HIV/STIs and sexual risk, substance use and mental ill health amongst men who have sex with men: systematic review and synthesis","Meiksin R, Melendez-Torres GJ, Falconer J, Witzel TC, Weatherburn P, Bonell C.","Syst Rev. 2021 Jan 11;10(1):21. doi: 10.1186/s13643-020-01523-2.","Meiksin R","Syst Rev","2021","2021/01/11","PMC7798186","","10.1186/s13643-020-01523-2"
"31135260","A Systematic Review of Characteristics of Nonprobability Community Venue Samples of Sexual Minority Individuals and Associated Methods for Assessing Selection Bias","Salway TJ, Morgan J, Ferlatte O, Hawkins B, Lachowsky NJ, Gilbert M.","LGBT Health. 2019 Jul;6(5):205-215. doi: 10.1089/lgbt.2018.0241. Epub 2019 May 24.","Salway TJ","LGBT Health","2019","2019/05/29","","","10.1089/lgbt.2018.0241"
"33000916","Acute and early HIV infection screening among men who have sex with men, a systematic review and meta-analysis","Palmer S, Dijkstra M, Ket JC, Wahome EW, Walimbwa J, Gichuru E, van der Elst EM, Schim van der Loeff MF, de Bree GJ, Sanders EJ.","J Int AIDS Soc. 2020 Oct;23 Suppl 6(Suppl 6):e25590. doi: 10.1002/jia2.25590.","Palmer S","J Int AIDS Soc","2020","2020/10/01","PMC7527764","","10.1002/jia2.25590"
"33007699","Contingency management for the treatment of methamphetamine use disorder: A systematic review","Brown HD, DeFulio A.","Drug Alcohol Depend. 2020 Nov 1;216:108307. doi: 10.1016/j.drugalcdep.2020.108307. Epub 2020 Sep 21.","Brown HD","Drug Alcohol Depend","2020","2020/10/02","","","10.1016/j.drugalcdep.2020.108307"
"29286830","Suicidality in Young Men Who Have Sex with Men: A Systematic Review of the Literature","Luong CT, Rew L, Banner M.","Issues Ment Health Nurs. 2018 Jan;39(1):37-45. doi: 10.1080/01612840.2017.1390020. Epub 2017 Dec 29.","Luong CT","Issues Ment Health Nurs","2018","2017/12/30","","","10.1080/01612840.2017.1390020"
"32767722","Barriers to palliative care in sexual and gender minority patients with cancer: A scoping review of the literature","Haviland K, Burrows Walters C, Newman S.","Health Soc Care Community. 2021 Mar;29(2):305-318. doi: 10.1111/hsc.13126. Epub 2020 Aug 7.","Haviland K","Health Soc Care Community","2021","2020/08/09","PMC7867658","NIHMS1634561","10.1111/hsc.13126"
"24839908","Bisexuality and suicide: a systematic review of the current literature","Pompili M, Lester D, Forte A, Seretti ME, Erbuto D, Lamis DA, Amore M, Girardi P.","J Sex Med. 2014 Aug;11(8):1903-13. doi: 10.1111/jsm.12581. Epub 2014 May 20.","Pompili M","J Sex Med","2014","2014/05/21","","","10.1111/jsm.12581"
"25820065","Socioeconomic status and HIV vaccine preparedness studies in North America","Dhalla S, Poole G.","Vaccine. 2015 May 21;33(22):2536-45. doi: 10.1016/j.vaccine.2015.03.022. Epub 2015 Mar 26.","Dhalla S","Vaccine","2015","2015/03/31","","","10.1016/j.vaccine.2015.03.022"
"31296011","Evidence of interventions for improving healthcare access for lesbian, gay, bisexual and transgender people in South Africa: A scoping review","Luvuno ZP, Mchunu G, Ncama B, Ngidi H, Mashamba-Thompson T.","Afr J Prim Health Care Fam Med. 2019 Jun 12;11(1):e1-e10. doi: 10.4102/phcfm.v11i1.1367.","Luvuno ZP","Afr J Prim Health Care Fam Med","2019","2019/07/13","PMC6620546","","10.4102/phcfm.v11i1.1367"
"30882262","Breast Cancer Screening and Care Among Black Sexual Minority Women: A Scoping Review of the Literature from 1990 to 2017","Malone J, Snguon S, Dean LT, Adams MA, Poteat T.","J Womens Health (Larchmt). 2019 Dec;28(12):1650-1660. doi: 10.1089/jwh.2018.7127. Epub 2019 Mar 18.","Malone J","J Womens Health (Larchmt)","2019","2019/03/19","PMC6919240","","10.1089/jwh.2018.7127"
"26552495","Mental health of sexual minorities. A systematic review","Plöderl M, Tremblay P.","Int Rev Psychiatry. 2015;27(5):367-85. doi: 10.3109/09540261.2015.1083949. Epub 2015 Nov 9.","Plöderl M","Int Rev Psychiatry","2015","2015/11/11","","","10.3109/09540261.2015.1083949"
"22170335","A systematic review of the aetiology of tobacco disparities for sexual minorities","Blosnich J, Lee JG, Horn K.","Tob Control. 2013 Mar;22(2):66-73. doi: 10.1136/tobaccocontrol-2011-050181. Epub 2011 Dec 14.","Blosnich J","Tob Control","2013","2011/12/16","PMC3779881","NIHMS494597","10.1136/tobaccocontrol-2011-050181"
"31832626","Different transmission routes and the risk of advanced HIV disease: A systematic review and network meta-analysis of observational studies","Chen Q, Zeng D, She Y, Lyu Y, Gong X, Feinstein MJ, Yang Y, Jiang H.","EClinicalMedicine. 2019 Nov 2;16:121-128. doi: 10.1016/j.eclinm.2019.10.003. eCollection 2019 Nov.","Chen Q","EClinicalMedicine","2019","2019/12/14","PMC6890975","","10.1016/j.eclinm.2019.10.003"
"29141591","The impact of pregnancy loss on men's health and wellbeing: a systematic review","Due C, Chiarolli S, Riggs DW.","BMC Pregnancy Childbirth. 2017 Nov 15;17(1):380. doi: 10.1186/s12884-017-1560-9.","Due C","BMC Pregnancy Childbirth","2017","2017/11/17","PMC5688642","","10.1186/s12884-017-1560-9"
"27613909","Smoking Cessation Programs for Lesbian, Gay, Bisexual, Transgender, and Intersex People: A Content-Based Systematic Review","Berger I, Mooney-Somers J.","Nicotine Tob Res. 2017 Nov 7;19(12):1408-1417. doi: 10.1093/ntr/ntw216.","Berger I","Nicotine Tob Res","2017","2016/09/11","","","10.1093/ntr/ntw216"
"32594365","A Systematic Review of Recent Methodological Approaches for Using Ecological Momentary Assessment to Examine Outcomes in U.S. Based HIV Research","Smiley SL, Milburn NG, Nyhan K, Taggart T.","Curr HIV/AIDS Rep. 2020 Aug;17(4):333-342. doi: 10.1007/s11904-020-00507-0.","Smiley SL","Curr HIV/AIDS Rep","2020","2020/06/29","","","10.1007/s11904-020-00507-0"
"31823386","Is sexual risk behaviour associated with an increased risk of transfusion-transmissible infections in blood donors from Western and Pacific countries? A systematic review and meta-analysis","Van Remoortel H, Matthysen W, Avau B, Compernolle V, Vandekerckhove P, De Buck E.","Vox Sang. 2020 Feb;115(2):107-123. doi: 10.1111/vox.12874. Epub 2019 Dec 10.","Van Remoortel H","Vox Sang","2020","2019/12/12","","","10.1111/vox.12874"
"32077326","A Systematic Review and Meta-Analysis of Combination Behavioral Interventions Co-Targeting Psychosocial Syndemics and HIV-Related Health Behaviors for Sexual Minority Men","Pantalone DW, Nelson KM, Batchelder AW, Chiu C, Gunn HA, Horvath KJ.","J Sex Res. 2020 Jul;57(6):681-708. doi: 10.1080/00224499.2020.1728514. Epub 2020 Feb 20.","Pantalone DW","J Sex Res","2020","2020/02/21","PMC7457381","NIHMS1619540","10.1080/00224499.2020.1728514"
"30233355","Efficacy and Safety of Oral TDF-Based Pre-exposure Prophylaxis for Men Who Have Sex With Men: A Systematic Review and Meta-Analysis","Huang X, Hou J, Song A, Liu X, Yang X, Xu J, Zhang J, Hu Q, Chen H, Chen Y, Meyers K, Wu H.","Front Pharmacol. 2018 Sep 4;9:799. doi: 10.3389/fphar.2018.00799. eCollection 2018.","Huang X","Front Pharmacol","2018","2018/09/21","PMC6131617","","10.3389/fphar.2018.00799"
"32562365","Integrating HIV pre-exposure prophylaxis and harm reduction among men who have sex with men and transgender women to address intersecting harms associated with stimulant use: a modelling study","Bórquez A, Rich K, Farrell M, Degenhardt L, McKetin R, Tran LT, Cepeda J, Silva-Santisteban A, Konda K, Cáceres CF, Kelly S, Altice FL, Martin NK.","J Int AIDS Soc. 2020 Jun;23 Suppl 1(Suppl 1):e25495. doi: 10.1002/jia2.25495.","Bórquez A","J Int AIDS Soc","2020","2020/06/21","PMC7305413","","10.1002/jia2.25495"
"25866929","Systematic review of interventions to reduce problematic alcohol use in men who have sex with men","Wray TB, Grin B, Dorfman L, Glynn TR, Kahler CW, Marshall BD, van den Berg JJ, Zaller ND, Bryant KJ, Operario D.","Drug Alcohol Rev. 2016 Mar;35(2):148-57. doi: 10.1111/dar.12271. Epub 2015 Apr 13.","Wray TB","Drug Alcohol Rev","2016","2015/04/14","PMC4604011","NIHMS687132","10.1111/dar.12271"
"18339100","Sexual orientation and adolescent substance use: a meta-analysis and methodological review","Marshal MP, Friedman MS, Stall R, King KM, Miles J, Gold MA, Bukstein OG, Morse JQ.","Addiction. 2008 Apr;103(4):546-56. doi: 10.1111/j.1360-0443.2008.02149.x.","Marshal MP","Addiction","2008","2008/03/15","PMC2680081","NIHMS101961","10.1111/j.1360-0443.2008.02149.x"
"29544600","Links SU-Sex: development of a screening tool for health-risk sexual behaviours related to substance use among men who have sex with men","Goyette M, Flores-Aranda J, Bertrand K, Pronovost F, Aubut V, Ortiz R, Saint-Jacques M.","Sex Health. 2018 Apr;15(2):160-166. doi: 10.1071/SH17134.","Goyette M","Sex Health","2018","2018/03/17","","","10.1071/SH17134"
"33369131","Prevalence of pretreatment HIV drug resistance in key populations: a systematic review and meta-analysis","Macdonald V, Mbuagbaw L, Jordan MR, Mathers B, Jay S, Baggaley R, Verster A, Bertagnolio S.","J Int AIDS Soc. 2020 Dec;23(12):e25656. doi: 10.1002/jia2.25656.","Macdonald V","J Int AIDS Soc","2020","2020/12/28","PMC7758978","","10.1002/jia2.25656"
"30393591","Risk and Protective Factors for Substance Use among Sexual and Gender Minority Youth: A Scoping Review","Kidd JD, Jackman KB, Wolff M, Veldhuis CB, Hughes TL.","Curr Addict Rep. 2018 Jun;5(2):158-173. doi: 10.1007/s40429-018-0196-9. Epub 2018 May 26.","Kidd JD","Curr Addict Rep","2018","2018/11/06","PMC6214200","NIHMS989150","10.1007/s40429-018-0196-9"
"23605479","Minority stress and substance use in sexual minority adolescents: a meta-analysis","Goldbach JT, Tanner-Smith EE, Bagwell M, Dunlap S.","Prev Sci. 2014 Jun;15(3):350-63. doi: 10.1007/s11121-013-0393-7.","Goldbach JT","Prev Sci","2014","2013/04/23","","","10.1007/s11121-013-0393-7"
"30690471","Intimate Partner Violence, Suicide, and Their Overlapping Risk in Women Veterans: A Review of the Literature","Iovine-Wong PE, Nichols-Hadeed C, Thompson Stone J, Gamble S, Cross W, Cerulli C, Levandowski BA.","Mil Med. 2019 May 1;184(5-6):e201-e210. doi: 10.1093/milmed/usy355.","Iovine-Wong PE","Mil Med","2019","2019/01/29","","","10.1093/milmed/usy355"
"28271021","Tobacco use cessation interventions for lesbian, gay, bisexual, transgender and queer youth and young adults: A scoping review","Baskerville NB, Dash D, Shuh A, Wong K, Abramowicz A, Yessis J, Kennedy RD.","Prev Med Rep. 2017 Feb 16;6:53-62. doi: 10.1016/j.pmedr.2017.02.004. eCollection 2017 Jun.","Baskerville NB","Prev Med Rep","2017","2017/03/09","PMC5328933","","10.1016/j.pmedr.2017.02.004"
"29320075","Motivational Interviewing for HIV-Related Behaviors Among Men who Have Sex with Men","Berg RC, Tikkanen R, Ross MW.","Oslo, Norway: Knowledge Centre for the Health Services at The Norwegian Institute of Public Health (NIPH); 2011 Oct. Report from Norwegian Knowledge Centre for the Health Services (NOKC) No. 17-2011.","Berg RC","Motivational Interviewing for HIV-Related Behaviors Among Men who Have Sex with Men","2011","2011/10/01","","",""
"25609214","Amphetamine-type stimulants and HIV infection among men who have sex with men: implications on HIV research and prevention from a systematic review and meta-analysis","Vu NT, Maher L, Zablotska I.","J Int AIDS Soc. 2015 Jan 16;18(1):19273. doi: 10.7448/IAS.18.1.19273. eCollection 2015.","Vu NT","J Int AIDS Soc","2015","2015/01/23","PMC4302169","","10.7448/IAS.18.1.19273"
"32360953","A systematic review of Unified Protocol applications with adult populations: Facilitating widespread dissemination via adaptability","Cassiello-Robbins C, Southward MW, Tirpak JW, Sauer-Zavala S.","Clin Psychol Rev. 2020 Jun;78:101852. doi: 10.1016/j.cpr.2020.101852. Epub 2020 Apr 20.","Cassiello-Robbins C","Clin Psychol Rev","2020","2020/05/04","","","10.1016/j.cpr.2020.101852"
"24643297","Stressful childhood experiences and health outcomes in sexual minority populations: a systematic review","Schneeberger AR, Dietl MF, Muenzenmaier KH, Huber CG, Lang UE.","Soc Psychiatry Psychiatr Epidemiol. 2014 Sep;49(9):1427-45. doi: 10.1007/s00127-014-0854-8. Epub 2014 Mar 19.","Schneeberger AR","Soc Psychiatry Psychiatr Epidemiol","2014","2014/03/20","","","10.1007/s00127-014-0854-8"
"28260636","HIV risk behaviours among immigrant and ethnic minority gay and bisexual men in North America and Europe: A systematic review","Lewis NM, Wilson K.","Soc Sci Med. 2017 Apr;179:115-128. doi: 10.1016/j.socscimed.2017.02.033. Epub 2017 Feb 24.","Lewis NM","Soc Sci Med","2017","2017/03/07","","","10.1016/j.socscimed.2017.02.033"
"32396689","Attributes of HIV infection over decades (1982-2018): A systematic review and meta-analysis","Kabapy AF, Shatat HZ, Abd El-Wahab EW.","Transbound Emerg Dis. 2020 Nov;67(6):2372-2388. doi: 10.1111/tbed.13621. Epub 2020 May 22.","Kabapy AF","Transbound Emerg Dis","2020","2020/05/13","","","10.1111/tbed.13621"
"29947563","Disclosure of Same-Sex Behaviors to Health-care Providers and Uptake of HIV Testing for Men Who Have Sex With Men: A Systematic Review","Qiao S, Zhou G, Li X.","Am J Mens Health. 2018 Sep;12(5):1197-1214. doi: 10.1177/1557988318784149. Epub 2018 Jun 27.","Qiao S","Am J Mens Health","2018","2018/06/28","PMC6142161","","10.1177/1557988318784149"
"24980246","Systematic review of couple-based HIV intervention and prevention studies: advantages, gaps, and future directions","Jiwatram-Negrón T, El-Bassel N.","AIDS Behav. 2014 Oct;18(10):1864-87. doi: 10.1007/s10461-014-0827-7.","Jiwatram-Negrón T","AIDS Behav","2014","2014/07/02","PMC4507500","NIHMS706942","10.1007/s10461-014-0827-7"
"27066890","Making the invisible visible: a systematic review of sexual minority women's health in Southern Africa","Muller A, Hughes TL.","BMC Public Health. 2016 Apr 11;16:307. doi: 10.1186/s12889-016-2980-6.","Muller A","BMC Public Health","2016","2016/04/13","PMC4827176","","10.1186/s12889-016-2980-6"
"27712618","Sexual transmission of hepatitis C virus among gay and bisexual men: a systematic review","Jin F, Matthews GV, Grulich AE.","Sex Health. 2017 Feb;14(1):28-41. doi: 10.1071/SH16141.","Jin F","Sex Health","2017","2016/10/08","","","10.1071/SH16141"
"26826159","Prevalence of hepatitis C virus infection among HIV+ men who have sex with men: a systematic review and meta-analysis","Jordan AE, Perlman DC, Neurer J, Smith DJ, Des Jarlais DC, Hagan H.","Int J STD AIDS. 2017 Feb;28(2):145-159. doi: 10.1177/0956462416630910. Epub 2016 Jul 10.","Jordan AE","Int J STD AIDS","2017","2016/01/31","PMC4965334","NIHMS768724","10.1177/0956462416630910"
"26779538","Sexual Risk Behaviors and HIV Infection among Men Who Have Sex with Men and Women in China: Evidence from a Systematic Review and Meta-Analysis","Wang HY, Xu JJ, Zou HC, Reilly KH, Zhang CM, Yun K, Li YZ, Jiang YJ, Geng WQ, Shang H, Wang N.","Biomed Res Int. 2015;2015:850132. doi: 10.1155/2015/850132. Epub 2015 Dec 8.","Wang HY","Biomed Res Int","2015","2016/01/19","PMC4686633","","10.1155/2015/850132"
"24521144","HHV-8 seroprevalence: a global view","Rohner E, Wyss N, Trelle S, Mbulaiteye SM, Egger M, Novak U, Zwahlen M, Bohlius J.","Syst Rev. 2014 Feb 12;3:11. doi: 10.1186/2046-4053-3-11.","Rohner E","Syst Rev","2014","2014/02/14","PMC3925012","","10.1186/2046-4053-3-11"
"27258233","Critical Review: When the Party is Over: A Systematic Review of Behavioral Interventions for Substance-Using Men Who Have Sex with Men","Carrico AW, Zepf R, Meanley S, Batchelder A, Stall R.","J Acquir Immune Defic Syndr. 2016 Nov 1;73(3):299-306. doi: 10.1097/QAI.0000000000001102.","Carrico AW","J Acquir Immune Defic Syndr","2016","2016/06/04","PMC5065362","NIHMS790124","10.1097/QAI.0000000000001102"
"19208668","Tobacco use among sexual minorities in the USA, 1987 to May 2007: a systematic review","Lee JG, Griffin GK, Melvin CL.","Tob Control. 2009 Aug;18(4):275-82. doi: 10.1136/tc.2008.028241. Epub 2009 Feb 10.","Lee JG","Tob Control","2009","2009/02/12","","","10.1136/tc.2008.028241"
"29424774","In what circumstances could nondaily preexposure prophylaxis for HIV substantially reduce program costs?","Mitchell KM, Dimitrov D, Hughes JP, Xia F, Donnell D, Amico KR, Bokoch K, Chitwarakorn A, Bekker LG, Holtz TH, Mannheimer S, Grant RM, Boily MC.","AIDS. 2018 Mar 27;32(6):809-818. doi: 10.1097/QAD.0000000000001766.","Mitchell KM","AIDS","2018","2018/02/10","PMC5854532","NIHMS939289","10.1097/QAD.0000000000001766"
"31489635","Residual risk of infection with blood-borne viruses in potential organ donors at increased risk of infection: systematic review and meta-analysis","Waller KM, De La Mata NL, Kelly PJ, Ramachandran V, Rawlinson WD, Wyburn KR, Webster AC.","Med J Aust. 2019 Nov;211(9):414-420. doi: 10.5694/mja2.50315. Epub 2019 Sep 5.","Waller KM","Med J Aust","2019","2019/09/07","","","10.5694/mja2.50315"
"26790115","Challenges in Intervention Research for Lesbian and Bisexual Women","Rizer AM, Mauery DR, Haynes SG, Couser B, Gruman C.","LGBT Health. 2015 Jun;2(2):105-12. doi: 10.1089/lgbt.2014.0122. Epub 2015 May 26.","Rizer AM","LGBT Health","2015","2016/01/21","","","10.1089/lgbt.2014.0122"
"28005195","Incidence of hepatitis C in HIV positive and negative men who have sex with men 2000-2016: a systematic review and meta-analysis","Ghisla V, Scherrer AU, Nicca D, Braun DL, Fehr JS.","Infection. 2017 Jun;45(3):309-321. doi: 10.1007/s15010-016-0975-y. Epub 2016 Dec 22.","Ghisla V","Infection","2017","2016/12/23","","","10.1007/s15010-016-0975-y"
"29334885","2016 United Kingdom national guideline on the sexual health care of men who have sex with men","Clutterbuck D, Asboe D, Barber T, Emerson C, Field N, Gibson S, Hughes G, Jones R, Murchie M, Nori AV, Rayment M, Sullivan A.","Int J STD AIDS. 2018 Jan 1:956462417746897. doi: 10.1177/0956462417746897. Online ahead of print.","Clutterbuck D","Int J STD AIDS","2018","2018/01/17","","","10.1177/0956462417746897"
"29020929","A scoping review of prevalence, incidence and risk factors for HIV infection amongst young people in Brazil","Saffier IP, Kawa H, Harling G.","BMC Infect Dis. 2017 Oct 11;17(1):675. doi: 10.1186/s12879-017-2795-9.","Saffier IP","BMC Infect Dis","2017","2017/10/13","PMC5637257","","10.1186/s12879-017-2795-9"
"20573286","Fathers and HIV: considerations for families","Sherr L.","J Int AIDS Soc. 2010 Jun 23;13 Suppl 2(Suppl 2):S4. doi: 10.1186/1758-2652-13-S2-S4.","Sherr L","J Int AIDS Soc","2010","2010/06/25","PMC2890973","","10.1186/1758-2652-13-S2-S4"
"24594975","Associations between intimate partner violence and health among men who have sex with men: a systematic review and meta-analysis","Buller AM, Devries KM, Howard LM, Bacchus LJ.","PLoS Med. 2014 Mar 4;11(3):e1001609. doi: 10.1371/journal.pmed.1001609. eCollection 2014 Mar.","Buller AM","PLoS Med","2014","2014/03/06","PMC3942318","","10.1371/journal.pmed.1001609"
"25455123","Promotion of tobacco use cessation for lesbian, gay, bisexual, and transgender people: a systematic review","Lee JG, Matthews AK, McCullen CA, Melvin CL.","Am J Prev Med. 2014 Dec;47(6):823-31. doi: 10.1016/j.amepre.2014.07.051. Epub 2014 Nov 18.","Lee JG","Am J Prev Med","2014","2014/12/03","PMC4255587","NIHMS638587","10.1016/j.amepre.2014.07.051"
"24352122","Systematic review of cognitive behavioural interventions for HIV risk reduction in substance-using men who have sex with men","Melendez-Torres GJ, Bonell C.","Int J STD AIDS. 2014 Aug;25(9):627-35. doi: 10.1177/0956462413515638. Epub 2013 Dec 18.","Melendez-Torres GJ","Int J STD AIDS","2014","2013/12/20","","","10.1177/0956462413515638"
"25493601","Global burden of transmitted HIV drug resistance and HIV-exposure categories: a systematic review and meta-analysis","Pham QD, Wilson DP, Law MG, Kelleher AD, Zhang L.","AIDS. 2014 Nov 28;28(18):2751-62. doi: 10.1097/QAD.0000000000000494.","Pham QD","AIDS","2014","2014/12/11","","","10.1097/QAD.0000000000000494"
"29433454","Hepatitis B/C in the countries of the EU/EEA: a systematic review of the prevalence among at-risk groups","Falla AM, Hofstraat SHI, Duffell E, Hahné SJM, Tavoschi L, Veldhuijzen IK.","BMC Infect Dis. 2018 Feb 12;18(1):79. doi: 10.1186/s12879-018-2988-x.","Falla AM","BMC Infect Dis","2018","2018/02/14","PMC5809955","","10.1186/s12879-018-2988-x"
"21053064","HIV-related behavioral studies of men who have sex with men in China: a systematic review and recommendations for future research","Guo Y, Li X, Stanton B.","AIDS Behav. 2011 Apr;15(3):521-34. doi: 10.1007/s10461-010-9808-7.","Guo Y","AIDS Behav","2011","2010/11/06","","","10.1007/s10461-010-9808-7"
"26790114","Women Who Have Sex with Women Living in Low- and Middle-Income Countries: A Systematic Review of Sexual Health and Risk Behaviors","Tat SA, Marrazzo JM, Graham SM.","LGBT Health. 2015 Jun;2(2):91-104. doi: 10.1089/lgbt.2014.0124. Epub 2015 Mar 26.","Tat SA","LGBT Health","2015","2016/01/21","PMC5685196","","10.1089/lgbt.2014.0124"
"26319130","Religion and Spirituality's Influences on HIV Syndemics Among MSM: A Systematic Review and Conceptual Model","Lassiter JM, Parsons JT.","AIDS Behav. 2016 Feb;20(2):461-72. doi: 10.1007/s10461-015-1173-0.","Lassiter JM","AIDS Behav","2016","2015/08/31","PMC4755900","NIHMS719578","10.1007/s10461-015-1173-0"
"24272070","Intergenerational sex as a risk factor for HIV among young men who have sex with men: a scoping review","Anema A, Marshall BD, Stevenson B, Gurm J, Montaner G, Small W, Roth EA, Lima VD, Montaner JS, Moore D, Hogg RS.","Curr HIV/AIDS Rep. 2013 Dec;10(4):398-407. doi: 10.1007/s11904-013-0187-3.","Anema A","Curr HIV/AIDS Rep","2013","2013/11/26","PMC4727934","NIHMS747203","10.1007/s11904-013-0187-3"
"24313963","Breast cancer in lesbians and bisexual women: systematic review of incidence, prevalence and risk studies","Meads C, Moore D.","BMC Public Health. 2013 Dec 5;13:1127. doi: 10.1186/1471-2458-13-1127.","Meads C","BMC Public Health","2013","2013/12/10","PMC3890640","","10.1186/1471-2458-13-1127"
"30529371","Prevalence of hepatitis C virus infection among key populations in China: A systematic review","Liu CR, Li X, Chan PL, Zhuang H, Jia JD, Wang X, Lo YR, Walsh N.","Int J Infect Dis. 2019 Mar;80:16-27. doi: 10.1016/j.ijid.2018.11.006. Epub 2018 Dec 4.","Liu CR","Int J Infect Dis","2019","2018/12/12","","","10.1016/j.ijid.2018.11.006"
"32209639","Social network strategy as a promising intervention to better reach key populations for promoting HIV prevention: a systematic review and meta-analysis","Yang X, Fang T, Mobarak SA, Wang J, Wang C, Huang S, Jiang L, Chen X, Li H, Chang W, Zhang L, Mo J, Ning C.","Sex Transm Infect. 2020 Nov;96(7):485-491. doi: 10.1136/sextrans-2019-054349. Epub 2020 Mar 24.","Yang X","Sex Transm Infect","2020","2020/03/27","","","10.1136/sextrans-2019-054349"
"26503555","Factors associated with hepatitis B vaccination among men who have sex with men: a systematic review of published research","Vet R, de Wit JB, Das E.","Int J STD AIDS. 2017 May;28(6):534-542. doi: 10.1177/0956462415613726. Epub 2015 Oct 25.","Vet R","Int J STD AIDS","2017","2015/10/28","","","10.1177/0956462415613726"
"27454158","The use of social networking applications of smartphone and associated sexual risks in lesbian, gay, bisexual, and transgender populations: a systematic review","Choi EP, Wong JY, Fong DY.","AIDS Care. 2017 Feb;29(2):145-155. doi: 10.1080/09540121.2016.1211606. Epub 2016 Jul 25.","Choi EP","AIDS Care","2017","2016/07/26","","","10.1080/09540121.2016.1211606"
"23810289","Revitalizing the HIV response in Pakistan: a systematic review and policy implications","Singh S, Ambrosio M, Semini I, Tawil O, Saleem M, Imran M, Beyrer C.","Int J Drug Policy. 2014 Jan;25(1):26-33. doi: 10.1016/j.drugpo.2013.05.011. Epub 2013 Jun 28.","Singh S","Int J Drug Policy","2014","2013/07/02","","","10.1016/j.drugpo.2013.05.011"
"26241373","Contributions of Qualitative Research in Informing HIV/AIDS Interventions Targeting Black MSM in the United States","Wilson PA, Valera P, Martos AJ, Wittlin NM, Muñoz-Laboy MA, Parker RG.","J Sex Res. 2016 Jul-Aug;53(6):642-54. doi: 10.1080/00224499.2015.1016139. Epub 2015 Aug 4.","Wilson PA","J Sex Res","2016","2015/08/05","PMC4740277","NIHMS711983","10.1080/00224499.2015.1016139"
"26298439","Hepatitis C in key populations in Latin America and the Caribbean: systematic review and meta-analysis","Alonso M, Gutzman A, Mazin R, Pinzon CE, Reveiz L, Ghidinelli M.","Int J Public Health. 2015 Nov;60(7):789-98. doi: 10.1007/s00038-015-0708-5. Epub 2015 Aug 23.","Alonso M","Int J Public Health","2015","2015/08/24","PMC4636523","","10.1007/s00038-015-0708-5"
"24107261","HIV prevalence in China: integration of surveillance data and a systematic review","Zhang L, Chow EP, Jing J, Zhuang X, Li X, He M, Sun H, Li X, Gorgens M, Wilson D, Wang L, Guo W, Li D, Cui Y, Wang L, Wang N, Wu Z, Wilson DP.","Lancet Infect Dis. 2013 Nov;13(11):955-63. doi: 10.1016/S1473-3099(13)70245-7. Epub 2013 Oct 7.","Zhang L","Lancet Infect Dis","2013","2013/10/11","","","10.1016/S1473-3099(13)70245-7"
"21809936","HIV and depression--a systematic review of interventions","Sherr L, Clucas C, Harding R, Sibley E, Catalan J.","Psychol Health Med. 2011 Oct;16(5):493-527. doi: 10.1080/13548506.2011.579990. Epub 2011 Aug 2.","Sherr L","Psychol Health Med","2011","2011/08/04","","","10.1080/13548506.2011.579990"
"21829329","Are HIV epidemics among men who have sex with men emerging in the Middle East and North Africa?: a systematic review and data synthesis","Mumtaz G, Hilmi N, McFarland W, Kaplan RL, Akala FA, Semini I, Riedner G, Tawil O, Wilson D, Abu-Raddad LJ.","PLoS Med. 2010 Aug;8(8):e1000444. doi: 10.1371/journal.pmed.1000444. Epub 2011 Aug 2.","Mumtaz G","PLoS Med","2010","2011/08/11","PMC3149074","","10.1371/journal.pmed.1000444"
"23921582","Social support and HIV-related risk behaviors: a systematic review of the global literature","Qiao S, Li X, Stanton B.","AIDS Behav. 2014 Feb;18(2):419-41. doi: 10.1007/s10461-013-0561-6.","Qiao S","AIDS Behav","2014","2013/08/08","PMC3946791","NIHMS513581","10.1007/s10461-013-0561-6"
"20529289","HIV prevalence among female sex workers, drug users and men who have sex with men in Brazil: a systematic review and meta-analysis","Malta M, Magnanini MM, Mello MB, Pascom AR, Linhares Y, Bastos FI.","BMC Public Health. 2010 Jun 7;10:317. doi: 10.1186/1471-2458-10-317.","Malta M","BMC Public Health","2010","2010/06/10","PMC2898825","","10.1186/1471-2458-10-317"
"27490260","Proceedings of the 8th Annual Conference on the Science of Dissemination and Implementation : Washington, DC, USA. 14-15 December 2015","Chambers D, Simpson L, Hill-Briggs F, Neta G, Vinson C, Chambers D, Beidas R, Marcus S, Aarons G, Hoagwood K, Schoenwald S, Evans A, Hurford M, Rubin R, Hadley T, Barg F, Walsh L, Adams D, Mandell D, Martin L, Mignogna J, Mott J, Hundt N, Kauth M, Kunik M, Naik A, Cully J, McGuire A, White D, Bartholomew T, McGrew J, Luther L, Rollins A, Salyers M, Cooper B, Funaiole A, Richards J, Lee A, Lapham G, Caldeiro R, Lozano P, Gildred T, Achtmeyer C, Ludman E, Addis M, Marx L, Bradley K, VanDeinse T, Wilson AB, Stacey B, Powell B, Bunger A, Cuddeback G, Barnett M, Stadnick N, Brookman-Frazee L, Lau A, Dorsey S, Pullmann M, Mitchell S, Schwartz R, Kirk A, Dusek K, Oros M, Hosler C, Gryczynski J, Barbosa C, Dunlap L, Lounsbury D, O’Grady K, Brown B, Damschroder L, Waltz T, Powell B, Ritchie M, Waltz T, Atkins D, Imel ZE, Xiao B, Can D, Georgiou P, Narayanan S, Berkel C, Gallo C, Sandler I, Brown CH, Wolchik S, Mauricio AM, Gallo C, Brown CH, Mehrotra S, Chandurkar D, Bora S, Das A, Tripathi A, Saggurti N, Raj A, Hughes E, Jacobs B, Kirkendall E, et al.","Implement Sci. 2016 Aug 1;11 Suppl 2(Suppl 2):100. doi: 10.1186/s13012-016-0452-0.","Chambers D","Implement Sci","2016","2016/08/05","PMC4977475","","10.1186/s13012-016-0452-0"
"25777517","Meta-analysis and time series modeling allow a systematic review of primary HIV-1 drug-resistant prevalence in Latin America and Caribbean","Coelho AV, De Moura RR, Da Silva RC, Kamada AJ, Guimarães RL, Brandão LA, Coelho HF, Crovella S.","Curr HIV Res. 2015;13(2):125-42. doi: 10.2174/1570162x13999150317155040.","Coelho AV","Curr HIV Res","2015","2015/03/18","","","10.2174/1570162x13999150317155040"
"20573756","The expanding epidemics of HIV type 1 among men who have sex with men in low- and middle-income countries: diversity and consistency","Beyrer C, Baral SD, Walker D, Wirtz AL, Johns B, Sifakis F.","Epidemiol Rev. 2010;32:137-51. doi: 10.1093/epirev/mxq011. Epub 2010 Jun 23.","Beyrer C","Epidemiol Rev","2010","2010/06/25","","","10.1093/epirev/mxq011"
"18052602","Elevated risk for HIV infection among men who have sex with men in low- and middle-income countries 2000-2006: a systematic review","Baral S, Sifakis F, Cleghorn F, Beyrer C.","PLoS Med. 2007 Dec;4(12):e339. doi: 10.1371/journal.pmed.0040339.","Baral S","PLoS Med","2007","2007/12/07","PMC2100144","","10.1371/journal.pmed.0040339"
"20610949","Epidemiology of HIV infection in the Middle East and North Africa","Abu-Raddad LJ, Hilmi N, Mumtaz G, Benkirane M, Akala FA, Riedner G, Tawil O, Wilson D.","AIDS. 2010 Jul;24 Suppl 2:S5-23. doi: 10.1097/01.aids.0000386729.56683.33.","Abu-Raddad LJ","AIDS","2010","2010/07/09","","","10.1097/01.aids.0000386729.56683.33"
"24669911","Hepatitis C virus infection among HIV-positive men who have sex with men: protocol for a systematic review and meta-analysis","Hagan H, Neurer J, Jordan AE, Des Jarlais DC, Wu J, Dombrowski K, Khan B, Braithwaite RS, Kessler J.","Syst Rev. 2014 Mar 26;3:31. doi: 10.1186/2046-4053-3-31.","Hagan H","Syst Rev","2014","2014/03/28","PMC3986916","","10.1186/2046-4053-3-31"
"29770024","Canadian and international recommendations on the frequency of HIV screening and testing: A systematic review","Austin T, Traversy GP, Ha S, Timmerman K.","Can Commun Dis Rep. 2016 Aug 4;42(8):161-168. doi: 10.14745/ccdr.v42i08a03. eCollection 2016 Aug 4.","Austin T","Can Commun Dis Rep","2016","2018/05/18","PMC5757726","","10.14745/ccdr.v42i08a03"
"22201237","The effectiveness of MI4MSM: how useful is motivational interviewing as an HIV risk prevention program for men who have sex with men? A systematic review","Berg RC, Ross MW, Tikkanen R.","AIDS Educ Prev. 2011 Dec;23(6):533-49. doi: 10.1521/aeap.2011.23.6.533.","Berg RC","AIDS Educ Prev","2011","2011/12/29","","","10.1521/aeap.2011.23.6.533"
"12407244","Understanding correlates of hepatitis B virus vaccination in men who have sex with men: what have we learned?","Yee LJ, Rhodes SD.","Sex Transm Infect. 2002 Oct;78(5):374-7. doi: 10.1136/sti.78.5.374.","Yee LJ","Sex Transm Infect","2002","2002/10/31","PMC1744531","","10.1136/sti.78.5.374"
"25200651","Rural-to-urban migrants are at high risk of sexually transmitted and viral hepatitis infections in China: a systematic review and meta-analysis","Zou X, Chow EP, Zhao P, Xu Y, Ling L, Zhang L.","BMC Infect Dis. 2014 Sep 8;14:490. doi: 10.1186/1471-2334-14-490.","Zou X","BMC Infect Dis","2014","2014/09/10","PMC4169821","","10.1186/1471-2334-14-490"
"21176146","HIV and hepatitis B and C incidence rates in US correctional populations and high risk groups: a systematic review and meta-analysis","Gough E, Kempf MC, Graham L, Manzanero M, Hook EW, Bartolucci A, Chamot E.","BMC Public Health. 2010 Dec 21;10:777. doi: 10.1186/1471-2458-10-777.","Gough E","BMC Public Health","2010","2010/12/24","PMC3016391","","10.1186/1471-2458-10-777"
"16755273","China's syphilis epidemic: a systematic review of seroprevalence studies","Lin CC, Gao X, Chen XS, Chen Q, Cohen MS.","Sex Transm Dis. 2006 Dec;33(12):726-36. doi: 10.1097/01.olq.0000222703.12018.58.","Lin CC","Sex Transm Dis","2006","2006/06/07","","","10.1097/01.olq.0000222703.12018.58"
"17138920","Best-evidence interventions: findings from a systematic review of HIV behavioral interventions for US populations at high risk, 2000-2004","Lyles CM, Kay LS, Crepaz N, Herbst JH, Passin WF, Kim AS, Rama SM, Thadiparthi S, DeLuca JB, Mullins MM; HIV/AIDS Prevention Research Synthesis Team.","Am J Public Health. 2007 Jan;97(1):133-43. doi: 10.2105/AJPH.2005.076182. Epub 2006 Nov 30.","Lyles CM","Am J Public Health","2007","2006/12/02","PMC1716236","","10.2105/AJPH.2005.076182"
"26150065","Syndemics of psychosocial problems and HIV risk: A systematic review of empirical tests of the disease interaction concept","Tsai AC, Burns BF.","Soc Sci Med. 2015 Aug;139:26-35. doi: 10.1016/j.socscimed.2015.06.024. Epub 2015 Jun 29.","Tsai AC","Soc Sci Med","2015","2015/07/08","PMC4519429","NIHMS705582","10.1016/j.socscimed.2015.06.024"
"21161599","A systematic review of parental influences on the health and well-being of lesbian, gay, and bisexual youth: time for a new public health research and practice agenda","Bouris A, Guilamo-Ramos V, Pickard A, Shiu C, Loosier PS, Dittus P, Gloppen K, Michael Waldmiller J.","J Prim Prev. 2010 Dec;31(5-6):273-309. doi: 10.1007/s10935-010-0229-1.","Bouris A","J Prim Prev","2010","2010/12/17","","","10.1007/s10935-010-0229-1"
"25917411","Assessing the role of masculinity in the transmission of HIV: a systematic review to inform HIV risk reduction counseling interventions for men who have sex with men","Zeglin RJ.","Arch Sex Behav. 2015 Oct;44(7):1979-90. doi: 10.1007/s10508-015-0501-9. Epub 2015 Apr 28.","Zeglin RJ","Arch Sex Behav","2015","2015/04/29","PMC5502076","NIHMS869607","10.1007/s10508-015-0501-9"
"29173117","Psychosocial risks of prescription drug misuse among U.S. racial/ethnic minorities: A systematic review","Peteet BJ.","J Ethn Subst Abuse. 2019 Jul-Sep;18(3):476-508. doi: 10.1080/15332640.2017.1381662. Epub 2017 Nov 27.","Peteet BJ","J Ethn Subst Abuse","2019","2017/11/28","PMC6261796","NIHMS1502075","10.1080/15332640.2017.1381662"
"27336106","Screening for Syphilis in Nonpregnant Adolescents and Adults: Systematic Review to Update the 2004 U.S. Preventive Services Task Force Recommendation","Cantor A, Nelson HD, Daeges M, Pappas M.","Rockville (MD): Agency for Healthcare Research and Quality (US); 2016 Jun. Report No.: 14-05213-EF-1.","Cantor A","Screening for Syphilis in Nonpregnant Adolescents and Adults: Systematic Review to Update the 2004 U.S. Preventive Services Task Force Recommendation","2016","2016/06/01","","",""
"9633007","Systematic review on the cost-effectiveness of public health interventions for HIV prevention in industrialized countries","Schrappe M, Lauterbach K.","AIDS. 1998;12 Suppl A:S231-8.","Schrappe M","AIDS","1998","1998/06/20","","",""
"33591289","mHealth Strategies Related to HIV Postexposure Prophylaxis Knowledge and Access: Systematic Literature Review, Technology Prospecting of Patent Databases, and Systematic Search on App Stores","Queiroz AAFLN, Mendes IAC, de Godoy S, Velez Lapão L, Dias S.","JMIR Mhealth Uhealth. 2021 Feb 16;9(2):e23912. doi: 10.2196/23912.","Queiroz AAFLN","JMIR Mhealth Uhealth","2021","2021/02/16","PMC7925142","","10.2196/23912"
"17851989","HIV vaccine preparedness studies in the organization for economic co-operation and development (OECD) countries","Dhalla S, Woods R, Strathdee SA, Patrick DM, Hogg RS.","AIDS Care. 2007 Oct;19(9):1118-27. doi: 10.1080/09540120701352258. Epub 2007 Jun 13.","Dhalla S","AIDS Care","2007","2007/09/14","","","10.1080/09540120701352258"
"21366859","Risk of window period HIV infection in high infectious risk donors: systematic review and meta-analysis","Kucirka LM, Sarathy H, Govindan P, Wolf JH, Ellison TA, Hart LJ, Montgomery RA, Ros RL, Segev DL.","Am J Transplant. 2011 Jun;11(6):1176-87. doi: 10.1111/j.1600-6143.2010.03329.x. Epub 2011 Mar 2.","Kucirka LM","Am J Transplant","2011","2011/03/04","PMC3110509","NIHMS246080","10.1111/j.1600-6143.2010.03329.x"
"33509694","Vaccine-preventable diseases other than tuberculosis, and homelessness: A scoping review of the published literature, 1980 to 2020","Ly TDA, Castaneda S, Hoang VT, Dao TL, Gautret P.","Vaccine. 2021 Feb 22;39(8):1205-1224. doi: 10.1016/j.vaccine.2021.01.035. Epub 2021 Jan 26.","Ly TDA","Vaccine","2021","2021/01/29","","","10.1016/j.vaccine.2021.01.035"
"21401874","Risk of window period hepatitis-C infection in high infectious risk donors: systematic review and meta-analysis","Kucirka LM, Sarathy H, Govindan P, Wolf JH, Ellison TA, Hart LJ, Montgomery RA, Ros RL, Segev DL.","Am J Transplant. 2011 Jun;11(6):1188-200. doi: 10.1111/j.1600-6143.2011.03460.x. Epub 2011 Mar 14.","Kucirka LM","Am J Transplant","2011","2011/03/16","PMC3110646","NIHMS272677","10.1111/j.1600-6143.2011.03460.x"
"23074504","Anal dysplasia screening: an evidence-based analysis","Medical Advisory Secretariat.","Ont Health Technol Assess Ser. 2007;7(4):1-43. Epub 2007 Jun 1.","Medical Advisory Secretariat","Ont Health Technol Assess Ser","2007","2012/10/18","PMC3377578","",""
